{
  "state": {
    "isStdOutTTY": true,
    "isStdErrTTY": true,
    "testRunDurationMs": 162244.24889
  },
  "metrics": {
    "http_req_tls_handshaking": {
      "type": "trend",
      "contains": "time",
      "values": {
        "min": 0,
        "med": 0,
        "max": 74.777174,
        "p(90)": 0,
        "p(95)": 0,
        "avg": 1.0659125044073299
      }
    },
    "http_req_waiting": {
      "contains": "time",
      "values": {
        "avg": 50.686130431338476,
        "min": 24.378673,
        "med": 63.143688,
        "max": 120.810062,
        "p(90)": 72.2212813,
        "p(95)": 74.34720999999999
      },
      "type": "trend"
    },
    "http_req_receiving": {
      "type": "trend",
      "contains": "time",
      "values": {
        "max": 32.416155,
        "p(90)": 0.10282730000000004,
        "p(95)": 0.26743804999999976,
        "avg": 0.1901174109255404,
        "min": 0.013957,
        "med": 0.055326
      }
    },
    "http_req_sending": {
      "type": "trend",
      "contains": "time",
      "values": {
        "p(90)": 0.09516590000000001,
        "p(95)": 0.11023845,
        "avg": 0.06866650197170014,
        "min": 0.022226,
        "med": 0.061436000000000004,
        "max": 5.337004
      }
    },
    "checks": {
      "type": "rate",
      "contains": "default",
      "values": {
        "rate": 0.5143818139642774,
        "passes": 8870,
        "fails": 8374
      }
    },
    "iteration_duration": {
      "type": "trend",
      "contains": "time",
      "values": {
        "p(90)": 2852.0600323000003,
        "p(95)": 2956.1118864,
        "avg": 2053.112430487941,
        "min": 1029.844009,
        "med": 2048.98995,
        "max": 3191.111636
      }
    },
    "vus_max": {
      "type": "gauge",
      "contains": "default",
      "values": {
        "value": 200,
        "min": 200,
        "max": 200
      }
    },
    "data_received": {
      "type": "counter",
      "contains": "data",
      "values": {
        "count": 7832039,
        "rate": 48273.1378990823
      }
    },
    "data_sent": {
      "type": "counter",
      "contains": "data",
      "values": {
        "count": 426624,
        "rate": 2629.5169346141006
      }
    },
    "http_req_duration{expected_response:true}": {
      "type": "trend",
      "contains": "time",
      "values": {
        "min": 29.234273,
        "med": 68.989548,
        "max": 87.459937,
        "p(90)": 78.7640866,
        "p(95)": 80.80574954999999,
        "avg": 57.313291108870914
      }
    },
    "http_req_connecting": {
      "type": "trend",
      "contains": "time",
      "values": {
        "min": 0,
        "med": 0,
        "max": 70.077382,
        "p(90)": 0,
        "p(95)": 0,
        "avg": 0.9904560588030616
      }
    },
    "http_reqs": {
      "type": "counter",
      "contains": "default",
      "values": {
        "count": 8622,
        "rate": 53.142099390195526
      }
    },
    "vus": {
      "values": {
        "value": 1,
        "min": 1,
        "max": 200
      },
      "type": "gauge",
      "contains": "default"
    },
    "http_req_duration": {
      "type": "trend",
      "contains": "time",
      "values": {
        "min": 24.53314,
        "med": 63.2935435,
        "max": 120.962972,
        "p(90)": 72.43862200000001,
        "p(95)": 74.76500209999999,
        "avg": 50.944914344235706
      },
      "thresholds": {
        "p(95)<2000": {
          "ok": true
        }
      }
    },
    "http_req_failed": {
      "type": "rate",
      "contains": "default",
      "values": {
        "rate": 0.9712363720714451,
        "passes": 8374,
        "fails": 248
      },
      "thresholds": {
        "rate<0.01": {
          "ok": false
        }
      }
    },
    "http_req_blocked": {
      "contains": "time",
      "values": {
        "min": 0.000106,
        "med": 0.000282,
        "max": 150.512093,
        "p(90)": 0.000418,
        "p(95)": 0.0006449499999999998,
        "avg": 2.0625477810252804
      },
      "type": "trend"
    },
    "iterations": {
      "contains": "default",
      "values": {
        "count": 8622,
        "rate": 53.142099390195526
      },
      "type": "counter"
    }
  },
  "root_group": {
    "name": "",
    "path": "",
    "id": "d41d8cd98f00b204e9800998ecf8427e",
    "groups": [],
    "checks": [
        {
          "id": "6210a8cd14cd70477eba5c5e4cb3fb5f",
          "passes": 248,
          "fails": 8374,
          "name": "status is 200",
          "path": "::status is 200"
        },
        {
          "path": "::response body is not empty",
          "id": "3e73924f4174cfb17752de0dbbcaa37c",
          "passes": 8622,
          "fails": 0,
          "name": "response body is not empty"
        }
      ]
  },
  "options": {
    "summaryTrendStats": [
      "avg",
      "min",
      "med",
      "max",
      "p(90)",
      "p(95)"
    ],
    "summaryTimeUnit": "",
    "noColor": false
  }
}